<application>
  <component name="LocalDatabaseDriverManager" version="201">
    <driver id="h2.unified">
      <artifact id="H2" name="H2" use="true" version="2.1.210" />
    </driver>
    <driver id="mongo">
      <artifact id="MongoDB" name="MongoDB" use="true" version="1.18" />
    </driver>
    <driver id="mysql.8">
      <artifact />
      <artifact id="MySQL ConnectorJ" name="MySQL ConnectorJ" use="true" version="8.2.0" />
    </driver>
    <driver id="mysql">
      <artifact />
      <artifact id="MySQL ConnectorJ" name="MySQL ConnectorJ" use="true" version="5.1.47" />
    </driver>
    <driver id="mysql_aurora">
      <artifact id="MariaDB Connector J" name="MariaDB Connector J" channel="fixed" rolling="false" use="true" version="2.6.0" />
    </driver>
    <driver id="postgresql">
      <artifact id="PostgreSQL" name="PostgreSQL" use="true" version="42.2.5" />
    </driver>
  </component>
</application>