<application>
  <component name="FileTypeManager" version="19">
    <extensionMap>
      <mapping pattern="prod-eks-config" type="AUTO_DETECTED" />
      <mapping pattern="kafka-cluster-manager-cli" type="AUTO_DETECTED" />
      <mapping pattern="Makefile" type="AUTO_DETECTED" />
      <mapping pattern="f01" type="AUTO_DETECTED" />
      <mapping pattern="f02" type="AUTO_DETECTED" />
      <mapping pattern=".env.*" type="Env File" />
      <mapping ext="env" type="Env File" />
      <mapping ext="gradle.kts" type="Kotlin" />
      <mapping ext="space.kts" type="Kotlin" />
      <mapping ext="main.kts" type="Kotlin" />
      <mapping pattern=".swp" type="PLAIN_TEXT" />
      <mapping ext="polar" type="PLAIN_TEXT" />
      <mapping ext="ghp" type="PLAIN_TEXT" />
      <removed_mapping ext="apk" approved="true" type="ARCHIVE" />
      <removed_mapping ext="env" approved="true" type=".env file" />
      <removed_mapping ext="gql" approved="true" type="PLAIN_TEXT" />
      <removed_mapping ext="pdf" approved="true" type="Native" />
      <removed_mapping ext="psd" approved="true" type="Image" />
      <removed_mapping ext="rs" approved="true" type="Android RenderScript" />
      <removed_mapping ext="toml" approved="true" type="PLAIN_TEXT" />
      <removed_mapping pattern=".env" approved="true" type="PLAIN_TEXT" />
      <removed_mapping pattern=".env.*" approved="true" type=".env file" />
    </extensionMap>
  </component>
</application>