<application>
  <component name="FindSettings">
    <option name="customScope" value="Project Files" />
    <option name="defaultScopeName" value="Project Files" />
    <option name="showResultsInSeparateView" value="true" />
    <option name="wholeWordsOnly" value="true" />
    <option name="WHOLE_WORDS_ONLY" value="true" />
    <option name="SHOW_RESULTS_IN_SEPARATE_VIEW" value="true" />
    <option name="SEARCH_SCOPE" value="Project Files" />
    <mask>*.spec.*</mask>
    <mask>!*.spec.*</mask>
    <mask>*.entity.ts</mask>
    <mask>build.gradle*</mask>
    <mask>*.kt</mask>
  </component>
</application>