<application>
  <component name="SonarLintGlobalSettings">
    <option name="secretsNeverBeenAnalysed" value="false" />
    <option name="sonarQubeServers">
      <list>
        <SonarQubeServer>
          <option name="hostUrl" value="https://sonar.baemin.in" />
          <option name="name" value="woowa sonar" />
          <option name="login" value="hwanjinjeong" />
          <password>dffadfc1df9bdfcfdfc0dfccdfcfdfc0dfccdf8bdf8bdf9adf9d</password>
        </SonarQubeServer>
      </list>
    </option>
    <rules />
  </component>
</application>